{"192.168.3.114": [[[89.0, 2850511604, 45.0, 54, 4.0439453125, 52, 65267.0, 1087334313.0, 2850511604.0, 137.0]], [[0.0, 2851544161, 0.0, 47, 4.0439453125, 0, 138.0, 1011656.0, 1032557.0, 0.0]], [[0.0, 2852590659, 0.0, 42, 4.0439453125, 0, 141.0, 1021671.0, 1046498.0, 0.0]], [[0.0, 2853624240, 0.0, 39, 4.0439453125, 0, 140.0, 1017001.0, 1033581.0, 0.0]], [[0.0, 2854656496, 0.0, 36, 4.0439453125, 0, 106.0, 1010769.0, 1032256.0, 0.0]], [[0.0, 2855688639, 0.0, 34, 4.0439453125, 0, 126.0, 1011865.0, 1032143.0, 0.0]], [[0.0, 2856720966, 0.0, 33, 4.0439453125, 0, 136.0, 1019014.0, 1032327.0, 0.0]], [[0.0, 2857753219, 0.0, 32, 4.0439453125, 0, 137.0, 1005587.0, 1032253.0, 0.0]], [[0.0, 2858785398, 0.0, 32, 4.0439453125, 0, 112.0, 1018213.0, 1032179.0, 0.0]], [[0.0, 2859817758, 0.0, 31, 4.0439453125, 0, 123.0, 1010006.0, 1032360.0, 0.0]], [[0.0, 2860849900, 0.0, 31, 4.0439453125, 0, 132.0, 1012467.0, 1032142.0, 0.0]], [[0.0, 2861882231, 0.0, 31, 4.0439453125, 0, 127.0, 1015844.0, 1032331.0, 0.0]], [[0.0, 2862914513, 0.0, 31, 4.0439453125, 0, 137.0, 1016107.0, 1032282.0, 0.0]], [[0.0, 2863946621, 0.0, 31, 4.0439453125, 0, 134.0, 1013515.0, 1032108.0, 0.0]], [[0.0, 2864978750, 0.0, 31, 4.0439453125, 0, 128.0, 1009845.0, 1032129.0, 0.0]], [[0.0, 2866011187, 0.0, 31, 4.0439453125, 0, 130.0, 1017672.0, 1032437.0, 0.0]], [[0.0, 2867043265, 0.0, 31, 4.0439453125, 0, 120.0, 1013733.0, 1032078.0, 0.0]], [[0.0, 2868075394, 0.0, 31, 4.0439453125, 0, 130.0, 1008212.0, 1032129.0, 0.0]], [[0.0, 2869107709, 0.0, 31, 4.0439453125, 0, 130.0, 1013495.0, 1032315.0, 0.0]], [[0.0, 2870140000, 0.0, 31, 4.0439453125, 0, 133.0, 1012247.0, 1032291.0, 0.0]], [[0.0, 2871172208, 0.0, 31, 4.0439453125, 0, 119.0, 1012828.0, 1032208.0, 0.0]], [[0.0, 2872204507, 0.0, 30, 4.0439453125, 0, 121.0, 1009793.0, 1032299.0, 0.0]], [[0.0, 2873236886, 0.0, 30, 4.0439453125, 0, 116.0, 1018155.0, 1032379.0, 0.0]], [[0.0, 2874268882, 0.0, 30, 4.0439453125, 0, 110.0, 1012765.0, 1031996.0, 0.0]], [[0.0, 2875301180, 0.0, 30, 4.0439453125, 0, 116.0, 1007033.0, 1032298.0, 0.0]], [[0.0, 2876333589, 0.0, 30, 4.0439453125, 0, 114.0, 1009264.0, 1032409.0, 0.0]], [[0.0, 2877365521, 0.0, 30, 4.0439453125, 0, 131.0, 1013061.0, 1031932.0, 0.0]], [[0.0, 2878397742, 0.0, 30, 4.0439453125, 0, 130.0, 1015785.0, 1032221.0, 0.0]], [[0.0, 2879430101, 0.0, 30, 4.0439453125, 0, 121.0, 1010885.0, 1032359.0, 0.0]]], "192.168.3.103": [[[23445.0, 2847437438, 49132.0, 52, 1.486328125, 60216, 89.0, 1079700932.0, 2847437438.0, 49297.0]], [[123.0, 2848501933, 31.0, 44, 2.9228515625, 42, 130.0, 1045715.0, 1064495.0, 31.0]], [[127.0, 2849565955, 35.0, 39, 2.583984375, 58, 128.0, 1039207.0, 1064022.0, 35.0]], [[111.0, 2850630106, 43.0, 34, 1.6513671875, 58, 144.0, 1041399.0, 1064151.0, 43.0]], [[102.0, 2851694167, 41.0, 31, 1.6328125, 58, 139.0, 1044356.0, 1064061.0, 41.0]], [[98.0, 2852758635, 51.0, 29, 1.5107421875, 68, 147.0, 1043815.0, 1064468.0, 51.0]], [[97.0, 2853822659, 44.0, 27, 1.294921875, 67, 146.0, 1049724.0, 1064024.0, 44.0]], [[88.0, 2854887167, 32.0, 25, 1.3037109375, 65, 96.0, 1041717.0, 1064508.0, 35.0]], [[105.0, 2855955314, 36.0, 24, 1.1171875, 58, 139.0, 1049526.0, 1068147.0, 36.0]], [[87.0, 2857024377, 38.0, 24, 1.2412109375, 68, 139.0, 1048633.0, 1069063.0, 38.0]], [[107.0, 2858094529, 27.0, 24, 1.5751953125, 63, 140.0, 1050501.0, 1070152.0, 27.0]], [[95.0, 2859159768, 34.0, 24, 1.8720703125, 61, 110.0, 1046605.0, 1065239.0, 35.0]], [[105.0, 2860237164, 37.0, 24, 2.1396484375, 61, 135.0, 1064731.0, 1077396.0, 39.0]], [[101.0, 2861304363, 47.0, 24, 2.1357421875, 67, 142.0, 1050316.0, 1067199.0, 46.0]], [[97.0, 2862368565, 41.0, 24, 1.9130859375, 64, 129.0, 1043685.0, 1064202.0, 42.0]], [[103.0, 2863432707, 55.0, 24, 2.1240234375, 62, 138.0, 1044894.0, 1064142.0, 54.0]], [[97.0, 2864501332, 56.0, 24, 1.8173828125, 62, 139.0, 1047881.0, 1068625.0, 57.0]], [[104.0, 2865569292, 59.0, 24, 1.859375, 63, 136.0, 1052242.0, 1067960.0, 58.0]], [[92.0, 2866633797, 44.0, 24, 1.43359375, 64, 120.0, 1045561.0, 1064505.0, 44.0]], [[94.0, 2867701015, 55.0, 24, 1.4697265625, 67, 135.0, 1047203.0, 1067218.0, 56.0]], [[96.0, 2868766135, 50.0, 24, 1.734375, 66, 135.0, 1042032.0, 1065120.0, 50.0]], [[85.0, 2869830309, 57.0, 23, 1.4345703125, 71, 133.0, 1047453.0, 1064174.0, 57.0]], [[103.0, 2870894482, 42.0, 23, 1.509765625, 58, 133.0, 1046486.0, 1064173.0, 41.0]], [[89.0, 2871962774, 49.0, 23, 1.533203125, 66, 115.0, 1036670.0, 1068292.0, 50.0]], [[97.0, 2873026833, 45.0, 23, 1.4560546875, 63, 125.0, 1046918.0, 1064059.0, 45.0]], [[93.0, 2874102986, 42.0, 23, 1.642578125, 63, 113.0, 1065371.0, 1076153.0, 41.0]], [[95.0, 2875167160, 50.0, 23, 1.2080078125, 66, 125.0, 1033199.0, 1064174.0, 51.0]], [[87.0, 2876234720, 45.0, 23, 1.158203125, 66, 117.0, 1057797.0, 1067560.0, 44.0]], [[93.0, 2877299652, 43.0, 22, 1.140625, 61, 136.0, 1047161.0, 1064932.0, 43.0]], [[94.0, 2878363982, 45.0, 22, 1.150390625, 65, 137.0, 1049833.0, 1064330.0, 45.0]], [[80.0, 2879428362, 46.0, 22, 1.263671875, 66, 124.0, 1045503.0, 1064380.0, 46.0]]], "192.168.3.104": [[[22535.0, 2848059357, 36838.0, 51, 0.8046875, 60106, 197.0, 1120256903.0, 2848059357.0, 37035.0]], [[121.0, 2849123823, 33.0, 43, 2.1572265625, 47, 122.0, 1040797.0, 1064466.0, 33.0]], [[120.0, 2850200402, 48.0, 38, 1.990234375, 64, 139.0, 1053839.0, 1076579.0, 48.0]], [[111.0, 2851264271, 45.0, 34, 2.849609375, 57, 146.0, 1041178.0, 1063869.0, 46.0]], [[101.0, 2852328458, 56.0, 31, 1.732421875, 62, 144.0, 1047381.0, 1064187.0, 56.0]], [[95.0, 2853392818, 42.0, 29, 1.7578125, 60, 143.0, 1047147.0, 1064360.0, 42.0]], [[98.0, 2854456743, 48.0, 27, 1.5009765625, 66, 127.0, 1043949.0, 1063925.0, 49.0]], [[102.0, 2855521442, 35.0, 26, 1.375, 61, 111.0, 1043322.0, 1064699.0, 36.0]], [[94.0, 2856585925, 41.0, 25, 1.2216796875, 63, 140.0, 1047487.0, 1064483.0, 41.0]], [[93.0, 2857649592, 41.0, 24, 1.67578125, 66, 139.0, 1043307.0, 1063667.0, 40.0]], [[99.0, 2858713838, 36.0, 24, 1.859375, 64, 121.0, 1048132.0, 1064246.0, 36.0]], [[101.0, 2859777908, 31.0, 25, 2.5888671875, 56, 122.0, 1047741.0, 1064070.0, 32.0]], [[101.0, 2860842484, 36.0, 24, 1.4482421875, 64, 135.0, 1042439.0, 1064576.0, 38.0]], [[99.0, 2861910350, 41.0, 23, 0.9677734375, 63, 134.0, 1050989.0, 1067866.0, 40.0]], [[101.0, 2862974846, 48.0, 23, 1.3232421875, 65, 142.0, 1048915.0, 1064496.0, 49.0]], [[91.0, 2864039053, 43.0, 23, 1.1416015625, 63, 137.0, 1048609.0, 1064207.0, 42.0]], [[98.0, 2865106031, 39.0, 23, 1.9111328125, 66, 132.0, 1042972.0, 1066978.0, 40.0]], [[90.0, 2866171522, 46.0, 23, 1.453125, 74, 130.0, 1052896.0, 1065491.0, 45.0]], [[92.0, 2867236548, 43.0, 22, 0.806640625, 68, 127.0, 1043424.0, 1065026.0, 43.0]], [[95.0, 2868299944, 43.0, 23, 1.591796875, 67, 134.0, 1048323.0, 1063396.0, 44.0]], [[95.0, 2869366734, 40.0, 23, 1.1552734375, 67, 132.0, 1040025.0, 1066790.0, 42.0]], [[96.0, 2870432917, 43.0, 23, 1.6640625, 62, 136.0, 1048000.0, 1066183.0, 42.0]], [[88.0, 2871497174, 40.0, 23, 1.57421875, 66, 116.0, 1045408.0, 1064257.0, 40.0]], [[95.0, 2872564948, 35.0, 23, 1.4462890625, 66, 118.0, 1048356.0, 1067774.0, 35.0]], [[92.0, 2873629074, 35.0, 23, 1.2958984375, 67, 126.0, 1043840.0, 1064126.0, 35.0]], [[91.0, 2874693273, 39.0, 23, 1.4423828125, 72, 120.0, 1045917.0, 1064199.0, 39.0]], [[93.0, 2875757380, 31.0, 23, 1.4853515625, 59, 109.0, 1047687.0, 1064107.0, 31.0]], [[94.0, 2876821583, 42.0, 23, 1.4892578125, 60, 135.0, 1047479.0, 1064203.0, 42.0]], [[99.0, 2877885890, 42.0, 23, 1.890625, 60, 136.0, 1047695.0, 1064307.0, 42.0]], [[86.0, 2878950246, 29.0, 23, 1.0810546875, 65, 126.0, 1045610.0, 1064356.0, 29.0]], [[91.0, 2880014377, 32.0, 23, 1.8251953125, 65, 128.0, 1042089.0, 1064131.0, 32.0]], [[86.0, 2881078584, 30.0, 23, 0.912109375, 65, 117.0, 1051968.0, 1064207.0, 30.0]]],